,HF-IFIE,MP2-IFIE,PR-TYPE1,GRIMME,JUNG,HILL,ES,EX,CT-mix,DI(MP2),q(I=>J),MonomerEnergy(1),HF-BSSE,MP2-BSSE
00001,-28.901205,-11.291406,-10.828304,-9.128381,-8.047809,-8.977151,-37.734461,18.628129,-9.795507,-11.291183,0.046186,-224.594971,0.000000,0.000000
