,HF-IFIE,MP2-IFIE,PR-TYPE1,GRIMME,JUNG,HILL,ES,EX,CT-mix,DI(MP2),q(I=>J),MonomerEnergy(1),HF-BSSE,MP2-BSSE
00001,-711.270723,25.414762,19.426439,28.695382,30.336947,3.658380,-1110.538668,1357.888310,-958.621207,25.414878,-0.023271,-282.007502,0.000000,0.000000
