,HF-IFIE,MP2-IFIE,PR-TYPE1,GRIMME,JUNG,HILL,ES,EX,CT-mix,DI(MP2),q(I=>J),MonomerEnergy(1),HF-BSSE,MP2-BSSE
00001,-2.503135,-12.140426,-11.416280,-9.726397,-8.520324,-9.831819,-4.542007,6.206175,-4.167296,-12.140052,0.009150,-231.455954,0.000000,0.000000
